USE UNIVERSITY
GO

INSERT INTO dbo.COURSES ([NAME], [DESCRIPTION])
VALUES
('Прикладна математика', ''),
('Комп`ютерна інженерія', ''),
('Електроніка та електромеханіка', ''),
('Юридичне право', '')
GO

INSERT INTO dbo.GROUPS (GROUP_ID, COURSE_ID, [NAME])
VALUES
(101, 0, 'SR-01'),
(102, 0, 'SR-02'),
(103, 0, 'SR-03'),
(111, 1, 'PI-11'),
(121, 2, 'EE-21'),
(131, 3, 'YP-31')
GO

INSERT INTO dbo.STUDENTS (STUDENT_ID, GROUP_ID, FIRST_NAME, LAST_NAME)
VALUES
(1, 101, 'Ія', 'Атрощенко'),
(2, 101, 'Гаїна', 'Троцька'),
(3, 101, 'Устина', 'Глущак'),
(4, 101, 'Шанетта', 'Морачевська'),
(5, 101, 'Уляна', 'Савула'),
(6, 101, 'Глафира', 'Шамрай'),
(7, 101, 'Корнелія', 'Магура'),
(8, 101, 'Фелікса', 'Коник'),
(9, 101, 'Улита', 'Фартушняк'),
(10, 101, 'Ада', 'Варивода'),
(11, 101, 'Есфіра', 'Мороз'),
(1, 102, 'Йоган', 'Рижук'),
(2, 102, 'Вітан', 'Боровий'),
(3, 102, 'Яртур', 'Жук'),
(4, 102, 'Славобор', 'Сливенко'),
(5, 102, 'Кий', 'Бузинний'),
(6, 102, 'Дантур', 'Горовенко'),
(7, 102, 'Ярчик', 'Чічка'),
(8, 102, 'Матвій', 'Білявський'),
(9, 102, 'Недан', 'Баліцький'),
(10, 102, 'Щек', 'Удовенко'),
(1, 103, 'Орест', 'Колосовський'),
(2, 103, 'Йонас', 'Вихрущ'),
(3, 103, 'Наслав', 'Прокопчук'),
(4, 103, 'Куйбіда', 'Лемешко'),
(5, 103, 'Ліпослав', 'Мовчан'),
(6, 103, 'Снозір', 'Назарук'),
(7, 103, 'Дорогосил', 'Тарасович'),
(8, 103, 'Юхим', 'Забродський'),
(9, 103, 'Яртур', 'Цвєк'),
(1, 111, 'Лук`ян', 'Григоренко'),
(2, 111, 'Хорив', 'Горбачевський'),
(3, 111, 'Царко', 'Киричук'),
(4, 111, 'Творимир', 'Яхненко'),
(5, 111, 'Яснолик', 'Рошко'),
(6, 111, 'Живорід', 'Керножицький'),
(7, 111, 'Нестор', 'Засядько'),
(8, 111, 'Йомер', 'Павличенко'),
(9, 111, 'Малик', 'Білоскурський'),
(10, 111, 'Осемрит', 'Синиця'),
(1, 121, 'Явір', 'Сливенко'),
(2, 121, 'Колодар', 'Гайдабура'),
(3, 121, 'Макар', 'Гембицький'),
(4, 121, 'Радогоста', 'Гаркуша'),
(5, 121, 'Юдихва', 'Степура'),
(6, 121, 'Млада', 'Сенько'),
(7, 121, 'Римма', 'Пашко'),
(8, 121, 'Цвітана', 'Могиленко'),
(9, 121, 'Марта', 'Кирей'),
(10, 121, 'Глафіра', 'Любенецька'),
(11, 121, 'Віра', 'Тарасовна'),
(1, 131, 'Жадана', 'Заяць'),
(2, 131, 'Тава', 'Андрусенко'),
(3, 131, 'Ядвіга', 'Воронюк'),
(4, 131, 'Стелла', 'Рибенчук'),
(5, 131, 'Мокрина', 'Трегуб')
GO

USE master
GO